QUANT	PART
0.12469745454545457	0.001516842509355397
