QUANT	PART	EFFICENCY_GAP	DECLINATION	VOTES_TO_SEATS
0.12469745454545457	0.001516842509355397	0.08938717967076998	0.008011015246437688	0.28480536257125966