QUANT	PART
0.49182400000000004	0.06885568788266673
