QUANT	PART	EFFICENCY_GAP	DECLINATION	VOTES_TO_SEATS
0.49182400000000004	0.06885568788266673	0.025916885475663797	-0.06131302786412981	0.218100209900855