QUANT	PART
0.279484	-0.08904298132444444
