QUANT	PART
0.392474625	0.0027893171598749465
