QUANT	PART
0.392474625	0.0027892684492053753
