QUANT	PART	EFFICENCY_GAP	DECLINATION	VOTES_TO_SEATS
0.392474625	0.0027893171598749465	0.22535387846326743	-0.11845912992298804	0.1633481738355691