QUANT	PART
0.5285031428571428	0.02960507659438628
