QUANT	PART	EFFICENCY_GAP	DECLINATION	VOTES_TO_SEATS
0.5285031428571428	0.029604934052081623	0.03780003144216963	-0.012970128660923879	0.16633331915354255