QUANT	PART
0.5285031428571428	0.029604934052081623
