QUANT	PART
0.12053144444444445	0.03559830588991358
