QUANT	PART
0.12053144444444445	0.035598315326927935
