QUANT	PART	EFFICENCY_GAP	DECLINATION	VOTES_TO_SEATS
0.12053144444444445	0.03559830588991358	0.00813602545271556	0.007235567512949817	0.2478049094257342