QUANT	PART
0.030896	-0.003190398200000001
