QUANT	PART	EFFICENCY_GAP	DECLINATION	VOTES_TO_SEATS
0.030896	-0.003190398200000001	0.24859129118454035	0.07917973315172222	0.2965205684773782