QUANT	PART	EFFICENCY_GAP	DECLINATION	VOTES_TO_SEATS
0.39148675	0.03177169442637503	0.3090424644498489	None	0.20915908724815058