QUANT	PART
0.39148675	0.03177169442637503
