QUANT	PART
0.5108564545454546	0.004511698440561989
