QUANT	PART	EFFICENCY_GAP	DECLINATION	VOTES_TO_SEATS
0.5108564545454546	0.004511698440561989	0.11126583968619996	-0.01671060701447196	0.17233627446404287