QUANT	PART	EFFICENCY_GAP	DECLINATION	VOTES_TO_SEATS
0.11625922222222222	-0.006838264109580252	0.06914156963104506	-0.008752312535366668	0.2962887326792396