QUANT	PART
0.11625922222222222	-0.006838264109580252
