QUANT	PART	EFFICENCY_GAP	DECLINATION	VOTES_TO_SEATS
0.0367228	0.014896324726720003	0.06822292738834211	None	0.30918864553046044