QUANT	PART
0.0367228	0.023463238512145455
