QUANT	PART
0.0367228	0.014896324726720003
