QUANT	PART	EFFICENCY_GAP	DECLINATION	VOTES_TO_SEATS
0.1056028888888889	-0.030258865099506198	0.02419041830406962	-0.06066323293517798	0.31573240669505864