QUANT	PART
0.149175125	0.031055698722852937
