QUANT	PART
0.149175125	0.023673234580531253
