QUANT	PART	EFFICENCY_GAP	DECLINATION	VOTES_TO_SEATS
0.149175125	0.023673234580531253	0.05756202146449008	-0.007830973311922212	0.2825511619901908