QUANT	PART
0.022573	0.0037022970511999976
