QUANT	PART
0.022573	-0.0010153786860000018
