QUANT	PART	EFFICENCY_GAP	DECLINATION	VOTES_TO_SEATS
0.022573	-0.0010153786860000018	0.06022288917038903	None	0.347617466789671