QUANT	PART	EFFICENCY_GAP	DECLINATION	VOTES_TO_SEATS
0.26520724999999995	0.05017606246858332	0.010936320635907866	0.0003734145893249092	0.26271614027238943