QUANT	PART
0.26520724999999995	0.05017606246858332
