QUANT	PART	EFFICENCY_GAP	DECLINATION	VOTES_TO_SEATS
0.416898	0.185243206626	0.19657792021212347	None	0.29607151119236685