QUANT	PART
0.416898	0.185243206626
