QUANT	PART
0.028951249999999998	-0.005052847186875
