QUANT	PART	EFFICENCY_GAP	DECLINATION	VOTES_TO_SEATS
0.028951249999999998	-0.005052847186875	0.2731639986056261	None	0.31339106760343016