QUANT	PART
0.105403	-0.0014217283655000015
