QUANT	PART	EFFICENCY_GAP	DECLINATION	VOTES_TO_SEATS
0.105403	-0.0014217283655000015	0.015385492594361911	0.0021338393278713856	0.2850919805786658