QUANT	PART
0.105403	0.004862079185411768
