QUANT	PART	EFFICENCY_GAP	DECLINATION	VOTES_TO_SEATS
0.4142797	0.07229288477722003	0.06036543973021331	0.021905558080230324	0.17565889252816635