QUANT	PART
0.4142797	0.07229288477722003
