QUANT	PART
0.37044516666666666	-0.04519307551611106
