QUANT	PART	EFFICENCY_GAP	DECLINATION	VOTES_TO_SEATS
0.37044516666666666	-0.04519307551611106	0.017901512025722863	-0.222810741181821	0.17582713962803664