QUANT	PART	EFFICENCY_GAP	DECLINATION	VOTES_TO_SEATS
0.1746375	-0.014558131274999988	0.06021449103904552	None	0.26498370998502174