QUANT	PART
0.1746375	-0.014558131274999988
