QUANT	PART	EFFICENCY_GAP	DECLINATION	VOTES_TO_SEATS
0.18795651851851858	0.05916573257074348	0.07093562621672543	-0.007640864121871131	0.2380350964892468