QUANT	PART
0.18795651851851858	0.05916573257074348
