QUANT	PART
0.18795651851851858	0.06156659648029633
