QUANT	PART
0.5525874615384615	0.013105079224390586
