QUANT	PART	EFFICENCY_GAP	DECLINATION	VOTES_TO_SEATS
0.5525874615384615	0.013105079224390586	0.26955022425967	-0.06873823360324	0.18992826683955055