QUANT	PART
0.5525874615384615	0.013104913229760332
