QUANT	PART	EFFICENCY_GAP	DECLINATION	VOTES_TO_SEATS
0.02677214285714286	-0.004538023548775511	0.004356356936744811	0.020251416759043524	0.2073781771692338