QUANT	PART
0.02677214285714286	-0.004538015899591835
