QUANT	PART
0.5582829444444444	0.026739147718481515
