QUANT	PART	EFFICENCY_GAP	DECLINATION	VOTES_TO_SEATS
0.5582829444444444	0.026739147718481515	0.08644477388962105	-0.008286200515358087	0.16035477405944043