QUANT	PART	EFFICENCY_GAP	DECLINATION	VOTES_TO_SEATS
0.023629	0.004536200903999999	0.18946957405699436	None	0.26136080909647774