QUANT	PART
0.023629	0.004536200903999999
