QUANT	PART	EFFICENCY_GAP	DECLINATION	VOTES_TO_SEATS
0.039806	5.734054299999824e-05	0.30924838446114544	None	0.2845973942752551