QUANT	PART
0.039806	5.734054299999824e-05
