QUANT	PART	EFFICENCY_GAP	DECLINATION	VOTES_TO_SEATS
0.5018647857142856	-0.07245787555701022	0.054495459456839694	-0.03393167295697244	0.1451714730173972