QUANT	PART
0.5018647857142856	-0.07245787555701022
