QUANT	PART
0.5018647857142856	-0.07245775248789474
