QUANT	PART	EFFICENCY_GAP	DECLINATION	VOTES_TO_SEATS
0.40740742857142853	-0.06782798235951015	0.011612924504044	-0.22605443405980682	0.18245746345193004