QUANT	PART
0.40740742857142853	-0.06782794360068517
