QUANT	PART	EFFICENCY_GAP	DECLINATION	VOTES_TO_SEATS
0.0333435	-0.009820716627500005	0.022603454481867475	-0.07505820571077176	0.32046203620800595