QUANT	PART
0.0333435	-0.009820716627500005
