QUANT	PART
0.56091225	-0.04993689579300006
