QUANT	PART
0.19206388888888892	-0.010261802859876552
