QUANT	PART
0.19206388888888892	-0.01026182534051146
