QUANT	PART	EFFICENCY_GAP	DECLINATION	VOTES_TO_SEATS
0.19206388888888892	-0.010261802859876552	0.22824034332828133	-0.058600305211277154	0.21975036480249033