QUANT	PART
0.1056028888888889	-0.030258865099506198
