QUANT	PART	EFFICENCY_GAP	DECLINATION	VOTES_TO_SEATS
0.279484	-0.08904298132444444	0.029053008774222507	-0.08088498273892518	0.18554150425410443