QUANT	PART	EFFICENCY_GAP	DECLINATION	VOTES_TO_SEATS
0.17428272222222221	0.012947134233191377	0.07687086120230065	-0.008385804720979065	0.27439815929449196