QUANT	PART
0.17428272222222221	0.012947134233191377
