QUANT	PART
0.015702666666666667	0.002725846843555557
