QUANT	PART	EFFICENCY_GAP	DECLINATION	VOTES_TO_SEATS
0.015702666666666667	0.002725846843555557	0.2704730493420035	None	0.27597771749649636