QUANT	PART	EFFICENCY_GAP	DECLINATION	VOTES_TO_SEATS
0.09409376923076923	-0.00044121292190532917	0.040904333590622635	0.0038969312010756823	0.2901970005206982