QUANT	PART
0.09409376923076923	-0.00044121292190532917
