QUANT	PART
0.37358888888888886	0.010628105770370374
