QUANT	PART	EFFICENCY_GAP	DECLINATION	VOTES_TO_SEATS
0.37358888888888886	0.010628105770370374	0.19636411432028436	-0.03508097204498202	0.19520837644371625