QUANT	PART
0.37358888888888886	0.01062814609934184
