QUANT	PART	EFFICENCY_GAP	DECLINATION	VOTES_TO_SEATS
0.0372382	-0.012136316657280006	0.003936701534236824	None	0.35284398892460533