QUANT	PART
0.0372382	-0.012136316657280006
