QUANT	PART
0.0372382	-0.003349076034171426
