QUANT	PART
0.5693021250000001	0.013295835979098787
