QUANT	PART
0.3745958	-0.14581615164977926
