QUANT	PART	EFFICENCY_GAP	DECLINATION	VOTES_TO_SEATS
0.3745958	-0.14581650965288	0.004361336427827901	None	0.24829943387299513