QUANT	PART
0.3745958	-0.14581650965288
