QUANT	PART
0.131634	-0.011083770848571454
