QUANT	PART	EFFICENCY_GAP	DECLINATION	VOTES_TO_SEATS
0.131634	-0.011083770848571454	0.049809002096455404	-0.022652339862482423	0.301812048297859