QUANT	PART
0.131634	-0.011083760654445699
