QUANT	PART	EFFICENCY_GAP	DECLINATION	VOTES_TO_SEATS
0.10934825	-0.027532741193374986	0.27356352026275044	None	0.20016661380471912