QUANT	PART
0.10934825	-0.027532741193374986
