QUANT	PART	EFFICENCY_GAP	DECLINATION	VOTES_TO_SEATS
0.12976642857142856	0.027741689556734686	0.05296921099845225	-0.01825556166916489	0.27747999959519554