QUANT	PART
0.12976642857142856	0.027741689556734686
