QUANT	PART
0.16225879999999998	0.023459734273359997
