QUANT	PART	EFFICENCY_GAP	DECLINATION	VOTES_TO_SEATS
0.16225879999999998	0.023459734273359997	0.053584148951856855	0.015252549415868058	0.26158089698883025