QUANT	PART	EFFICENCY_GAP	DECLINATION	VOTES_TO_SEATS
0.029775999999999997	-0.005358965375999997	0.2059965762062334	None	0.31846580774735256