QUANT	PART
0.029775999999999997	-0.005358965375999997
