QUANT	PART
0.5252999444444444	0.1355920926427181
