QUANT	PART	EFFICENCY_GAP	DECLINATION	VOTES_TO_SEATS
0.5252999444444444	0.1355921142931542	0.010505060087070788	0.024399485537712443	0.15924527564092994