QUANT	PART
0.45331541666666664	0.07477853337048611
