QUANT	PART	EFFICENCY_GAP	DECLINATION	VOTES_TO_SEATS
0.45331541666666664	0.07477853337048611	0.10127876902014146	-0.01445210440619173	0.1644275501610799