QUANT	PART	EFFICENCY_GAP	DECLINATION	VOTES_TO_SEATS
0.45728414814814816	0.14702115548791223	0.0669817963321624	0.02131008159662754	0.14126279873392322