QUANT	PART
0.45728414814814816	0.14702118815928739
