QUANT	PART	EFFICENCY_GAP	DECLINATION	VOTES_TO_SEATS
0.3705876	0.21871620623376004	0.07521095600316294	None	0.23563741155734497