QUANT	PART
0.3705876	0.21871620623376004
