QUANT	PART
0.3705876	0.2187159365013892
