QUANT	PART
0.023503	0.0011060981859999984
