QUANT	PART	EFFICENCY_GAP	DECLINATION	VOTES_TO_SEATS
0.023503	0.0011060981859999984	0.4142657959566174	None	0.3013538850939528