QUANT	PART
0.023503	0.006428799092999999
