QUANT	PART
0.35496925	0.03546657512912501
