QUANT	PART
0.35496925	0.03546661506695434
