QUANT	PART	EFFICENCY_GAP	DECLINATION	VOTES_TO_SEATS
0.35496925	0.03546657512912501	0.07802270717270038	0.005677080827156585	0.1901669454940671