QUANT	PART
0.32681550000000004	0.007070980157999997
