QUANT	PART	EFFICENCY_GAP	DECLINATION	VOTES_TO_SEATS
0.32681550000000004	0.007070653342500024	0.06723355644499575	-0.06396388987625808	0.22243946713632679