QUANT	PART
0.32681550000000004	0.007070653342500024
