QUANT	PART
0.5350795	0.06734518117308516
