QUANT	PART
0.5661064444444445	0.003378900664740716
