QUANT	PART	EFFICENCY_GAP	DECLINATION	VOTES_TO_SEATS
0.5661064444444445	0.003378900664740716	0.09899954598871744	-0.01883771071953815	0.17160808492356772