QUANT	PART
0.5661064444444445	0.0033788381394511654
