QUANT	PART
0.44755177777777777	0.2422280198481663
