QUANT	PART
0.175741	-0.04469820026133333
