QUANT	PART	EFFICENCY_GAP	DECLINATION	VOTES_TO_SEATS
0.175741	-0.04469820026133333	0.20610063404924894	None	0.19491929677024578