QUANT	PART	EFFICENCY_GAP	DECLINATION	VOTES_TO_SEATS
0.4093325	0.0030491177925000158	0.015171463532594682	0.000987219861566492	0.22084072072035044