QUANT	PART
0.4093325	0.002208963940732002
