QUANT	PART
0.4093325	0.0030491177925000158
