QUANT	PART
0.40971075	-0.10246543212171609
