QUANT	PART
0.40971075	-0.10246517603362497
