QUANT	PART	EFFICENCY_GAP	DECLINATION	VOTES_TO_SEATS
0.40971075	-0.10246517603362497	0.03063351970012833	-0.12049715050886221	0.17959375132349797