QUANT	PART	EFFICENCY_GAP	DECLINATION	VOTES_TO_SEATS
0.03546325	-0.004541938012124995	0.03915485768213909	-0.007394137349858568	0.3127855931677197