QUANT	PART
0.03546325	-0.004541938012124995
