QUANT	PART
0.03546325	-9.690131737718704e-05
